id,5th,10th,first_positive_5,second_view_1,third_rating_people_5,positive_1,positive_2,positive_3,positive_4,positive_5,view_1,view_2,view_3,view_4,view_5,rating_people_1,rating_people_2,rating_people_3,rating_people_4,rating_people_5,comment_writer_count,comment_writer,pos_keyword_1,pos_keyword_2,pos_keyword_3,neg_keyword_1,neg_keyword_2,neg_keyword_3,label,title
15067,0.5291067469969817,0,7,47660,1866.31,30,45,12,15,7,47660,49382,35250,29969,25529,3003.9,3279.36,2425.44,2298.9,1866.31,138,zkdl****,드디어,주짓수,기다렸어요,아무것도,있는데,주짓수,1,이거지롱
55031,0.4445705026810107,0,13,8070,3214.4,30,9,8,9,13,8070,4915,2269,1565,1233,3865.14,3321.34,2883.8700000000003,2803.2,3214.4,93,znfm****,재밌어요,웃대에서,재밌게,헐2009년때,감명깊게봤었는데,헐,1,이거지롱
58149,0.4895067813828043,0,28,1324,3403.9999999999995,57,75,45,52,28,1324,538,378,335,310,3582.67,5621.070000000001,5015.07,5740.9,3403.9999999999995,398,zzmz****,별,재밌어요,5개,음,바쿠만,그려,1,이거지롱
58456,0.5893374738845564,0,175,11817,19856.04,125,113,46,103,175,11817,8784,8052,7660,7227,21003.210000000003,20141.67,19178.16,18990.36,19856.04,799,zsx8****,무가,마왕,정주행,심심한,마왕,마왕의,1,이거지롱
62812,0.6471628640774735,0,108,8581,5114.6,113,84,44,59,108,8581,7125,6832,6383,6024,5277.240000000001,5060.12,4958.03,5078.4,5114.6,484,zxro****,정주행,귀엽다,넘,여자셨구나,첨부터,south,1,이거지롱
66465,0.6143615272217019,0,165,63943,19266.44,417,185,79,342,165,63943,34676,24370,19564,17547,24776.72,19285.2,18223.54,21824.6,19266.44,1315,zzzs****,정주행,완전,역주행,역주행,알보칠,헐,1,이거지롱
68423,0.5981576541171212,0,59,10334,15184.66,119,80,71,70,59,10334,7459,7072,6838,7037,17060.48,15602.69,15112.5,15079.2,15184.66,748,zzan****,샤월들은,보는,댓글을,댓글,보는,샤월,1,이거지롱
70872,0.6997471138178204,0,112,42000,14552.16,196,58,72,116,112,42000,23864,15727,12895,11485,17952.84,15178.24,14458.19,14594.13,14552.16,506,zena****,홍조,정주행,좋아요,왜,계속,왔는데,1,이거지롱
72251,0.6754285964256065,0,158,2300,14518.52,727,375,215,154,158,2300,1324,335,242,220,21606.53,19886.09,16789.64,15687.259999999998,14518.52,1633,zzzq****,다시,카이만,우와,뭔가,다시,왜,1,이거지롱
73774,0.5302921093669053,0,22,5628,1215.39,39,9,29,16,22,5628,2198,768,422,310,1447.6,1148.02,1277.02,1223.46,1215.39,148,zkzk****,재밌어요,재밌네요,재밌음,나만,뭐야,이게,1,이거지롱
83861,0.6060917639194612,0,49,6442,5844.3,52,58,69,52,49,6442,3707,1381,810,644,5529.599999999999,5903.68,5827.36,6076.94,5844.3,438,zzan****,재밌어요,재밌네요,귀신이,글을,2군데다,3번씩,1,이거지롱
86400,0.6882629230894763,0,79,139352,14794.15,313,147,100,90,79,139352,135997,54487,40623,36046,23362.59,19935.52,16784.86,15840.22,14794.15,874,zz41****,정주행,대박,와,이게,마카로,싸인펜으로,1,이거지롱
91487,0.5456270034917335,0,8,24651,1922.7,11,8,4,13,8,24651,16239,12199,11260,11971,1853.17,1879.1,1926.42,2186.8,1922.7,54,zths****,꼭,좋아요,잘보겠습니다,13,31,아니라,1,이거지롱
124079,0.6554571445834203,0,60,1169,5881.83,227,153,84,89,60,1169,704,637,656,572,8530.6,7156.26,6372.04,6504.1,5881.83,871,zzyu****,우왕,재밌어요,우와,우산으로,이게,왜,1,이거지롱
138998,0.5806146768652412,0,159,16296,14773.11,340,225,260,240,159,16296,9469,5354,2903,1932,19715.86,17710.109999999997,16413.6,15503.6,14773.11,1237,zz01****,넘,귀여워요,귀엽다,키우는데,강아지,저희,1,이거지롱
144503,0.5998332176947787,0,57,1341,3560.85,78,113,67,89,57,1341,962,322,88,59,3930.49,4145.2,3453.58,4135.56,3560.85,653,zxcz****,우와,웹툰,오,왜,뭐,그리고,1,이거지롱
152774,0.7027528741699094,0,132,12040,6418.31,113,89,71,126,132,12040,7757,3326,1308,757,7058.5,6411.1900000000005,5923.83,5965.5,6418.31,630,zpcl****,재밌어요,좋아요,정주행,뭔가,봤는데,만화,1,이거지롱
154272,0.5368396249183889,0,10,158,894.66,30,27,36,20,10,158,83,38,28,31,1560.0600000000002,1326.1799999999998,1611.6,1252.5600000000002,894.66,148,zse4****,웹툰,삼촌,좋네요,만화가,아직도,이봐,1,이거지롱
160462,0.5867765405234288,0,54,3021,6928.81,140,58,85,69,54,3021,1598,680,494,393,8251.2,7447.240000000001,6930.56,6981.52,6928.81,402,zzyu****,정주행,귀여워요,별이,왜,어린왕자,뭔가,1,이거지롱
167100,0.5932653007290594,0,328,542447,35247.119999999995,725,216,244,391,328,542447,334737,234590,175073,151143,51450.75,41930.7,34860.600000000006,32003.58,35247.119999999995,3132,zzzz****,글,좋아하는,사람한테,왜,이게,1,1,이거지롱
188562,0.6152146229313836,0,749,31379,35375.68,656,903,518,670,749,31379,33054,16242,15008,14287,31056.45,41554.5,38337.64,36841.26,35375.68,4079,zzzz****,원하,류원하,왜,아직은,이상없다,오바,1,이거지롱
190415,0.6046037459750869,0,129,10886,12751.2,109,184,132,124,129,10886,3636,1571,1011,1305,13538.95,12888.68,12679.16,13311.48,12751.2,997,zzdd****,은월로,웹툰으로,가예,이제,당신이,원티드도,1,이거지롱
229152,0.596048593166205,0,77,1187,9946.64,75,119,129,105,77,1187,620,434,174,89,10780.84,11179.77,11464.089999999998,10705.5,9946.64,627,zzgk****,그림체,남편,별,음,거,뭔가,1,이거지롱
229530,0.6061363832114991,0,155,19273,9202.6,161,157,139,222,155,19273,12257,10201,9026,8941,10449.0,9457.56,9476.9,9506.089999999998,9202.6,957,zy36****,귀신이,귀여워,귀엽다,뭐야,줄,뭔가,1,이거지롱
247257,0.6327565397980007,0,45,803,2445.57,23,77,43,56,45,803,932,558,250,135,1796.44,3642.1,2970.29,2929.5,2445.57,383,ziw1****,와,재밌어요,우와,뭐야,나,있는데,1,이거지롱
278667,0.6772635699941751,0,288,72877,14542.44,332,277,255,288,288,72877,52741,37848,28009,24989,18192.63,15816.58,14762.78,15008.35,14542.44,2228,zzz7****,헐,엄마,자연스럽게,뭐야,있는데,뭔가,1,이거지롱
280505,0.6744236980697218,0,25,1438,2040.54,46,24,16,23,25,1438,826,252,102,65,2879.8,2341.92,2284.84,2258.35,2040.54,133,zoli****,재밌어요,그림체,와,뭔가,느낌이,기대하겠습니다,1,이거지롱
280629,0.6760138894363557,0,1335,19570,24852.800000000003,392,377,349,364,1335,19570,7749,4483,3736,4993,26098.24,25453.68,21354.84,23956.13,24852.800000000003,2868,zzxj****,문아,2000개,빨리,문아,음,왜,1,이거지롱
288092,0.5871643118335426,0,103,5361,3571.7000000000003,106,88,202,65,103,5361,4264,2537,1290,816,4501.56,4253.32,5460.69,3866.28,3571.7000000000003,518,zzun****,재밌어요,도사,재밌네요,뭐야,1화부터,지금까지,1,이거지롱
319293,0.6119520624501219,0,92,64041,19503.08,114,43,119,66,92,64041,43485,30813,32080,23824,23334.65,19296.29,35476.28,22372.34,19503.08,555,zxtj****,정주행,강아지,별점,뭔가,그림체도,이건,1,이거지롱
320950,0.596048593166205,0,333,27258,14740.32,143,418,314,259,333,27258,18764,11052,7673,8025,16968.96,14542.4,18615.68,12916.6,14740.32,1488,zzzz****,앜,웹툰,웹툰으로,그리고,이게,웹툰,1,이거지롱
327056,0.6615474022876083,0,537,22485,21034.44,299,445,270,432,537,22485,22876,12407,4865,4566,17832.75,19295.25,17291.039999999997,22107.67,21034.44,2397,zzzz****,완전,스팸,먹으면,김치찌개,김치찌개에,넣고,1,이거지롱
340152,0.6615474022876083,0,113,4020,15710.62,148,74,158,64,113,4020,1692,825,575,338,17165.82,15295.25,15623.52,15733.4,15710.62,717,zzx9****,정주행,그림체,우와,다시,뭔가,날개를,1,이거지롱
344808,0.6031578278444475,0,40,2494,6916.099999999999,59,71,121,40,40,2494,1423,654,311,252,7713.42,7499.38,7919.73,6981.490000000001,6916.099999999999,289,zunn****,재밌어요,재밌네요,뭔가,난,여대생,어떻게,1,이거지롱
346422,0.6145535446164802,0,22,4122,2900.3,63,22,29,28,22,4122,3391,3078,3045,2812,3452.4,3478.71,3470.0400000000004,3315.45,2900.3,119,zxca****,콜롬비아,스페인어,우와,헉,고산,지대,1,이거지롱
348596,0.6997471138178204,0,59,6834,12223.92,118,52,51,64,59,6834,3500,2032,1149,1623,15848.160000000002,14599.080000000002,14069.7,13862.1,12223.92,322,zzan****,그림체,귀여워요,정주행,웹툰으로,싶었는데,아나,1,이거지롱
349085,0.5935963138414054,0,218,25145,21778.2,356,214,146,169,218,25145,19755,18556,17872,16517,29931.02,27627.38,24841.2,23853.42,21778.2,1143,zxcr****,정주행,투명드래곤,왜,이게,뭐야,뭔가,1,이거지롱
357260,0.747418172458381,0,46,630399,18960.78,193,102,45,51,46,630399,491977,327249,306903,271798,27487.95,22852.0,21218.72,22687.86,18960.78,436,zz04****,그림체,와,그림체가,왜,작품이,사람이,1,이거지롱
368805,0.6026901439492157,0,88,6655,5540.91,16,63,139,259,88,6655,8979,6737,6620,6321,7260.280000000001,8947.95,10577.7,9978.78,5540.91,824,zzin****,빨리,헐,우와,그리고,이게,여자가,1,이거지롱
396526,0.6672589204781041,0,86,3915,12684.33,265,134,87,95,86,3915,3287,2833,2295,1298,16224.12,14259.36,12993.16,12402.0,12684.33,655,zzzz****,저승사자,할머니,우와,뭔가,왜,죽을,1,이거지롱
399071,0.6003400596649701,0,80,4148,4621.21,113,52,49,42,80,4148,2758,1554,974,925,5412.58,3991.84,3929.25,4029.36,4621.21,314,zxc1****,와,대박,완전,이게,도전에,헐,1,이거지롱
448290,0.6587274301330107,0,88,12989,9377.52,241,69,170,118,88,12989,6847,3994,2879,2736,13003.98,10492.98,10695.04,9378.1,9377.52,764,zzyu****,귀여워,귀여워요,재밌어요,왜,왠지,오렌지,1,이거지롱
461059,0.6882629230894763,0,413,107319,75681.17,1219,569,409,364,413,107319,91314,50920,37538,33743,100190.88,91590.72,87468.0,79497.36,75681.17,2149,zzz3****,바지,정주행,블로우,왜,아니라,바지,1,이거지롱
461987,0.6921312070682927,0,421,76144,52525.92,746,235,228,393,421,76144,51744,36657,31625,29707,69588.48,57240.09,56032.92,52299.6,52525.92,1454,zzzz****,하쿸,하쿠,다시,아이가,이게,오엘이,1,이거지롱
476758,0.5875742299744027,0,269,4375,28566.72,335,112,155,329,269,4375,1597,582,350,593,33442.71,28811.52,28655.41,29204.000000000004,28566.72,1342,zzii****,정주행,대박,헐,이게,골든왈츠,뭔가,1,이거지롱
479506,0.6522977141894207,0,85,5652,5359.92,36,22,54,109,85,5652,3013,1282,790,560,5061.5,4612.7,4941.37,5337.52,5359.92,365,zx79****,와,우와,대박,ㅅㅂ,이게,뭐야,1,이거지롱
481708,0.6348112837969693,0,51,122438,11238.919999999998,82,92,61,53,51,122438,107692,74915,67036,66350,14762.47,13527.36,12173.42,11302.82,11238.919999999998,614,zyx4****,아테쉬,나디야,와,나디야,나뿐인가,왜,1,이거지롱
482214,0.5881893287634169,0,93,5213,6593.7300000000005,132,106,95,111,93,5213,4783,2250,705,511,8503.02,7488.4,6772.48,6375.6,6593.7300000000005,623,zzzk****,솔라보이,완전,재밌어요,왜,뭔가,상어가,1,이거지롱
483819,0.60890466042835,0,67,5892,3529.55,56,75,83,71,67,5892,5406,3800,1858,1849,4792.200000000001,5448.8,4782.240000000001,4606.0,3529.55,379,zyzh****,웹툰,만화,웹툰으로,사자가,호랑이가,사자는,1,이거지롱
487693,0.6882629230894763,0,160,23499,33048.46,562,207,109,105,160,23499,15564,10527,7231,5455,42216.17,37581.14,35181.57,33038.63,33048.46,1747,zzzz****,정주행,오,헐,이게,왜,뭔가,1,이거지롱
489585,0.7490309585239595,0,442,22329,75148.08,475,698,952,672,442,22329,14741,8039,3709,1886,39627.34,76235.87999999999,76999.86,75767.40000000001,75148.08,3865,zzza****,리메이크,신룡의,그냥,리메이크,뭔가,그냥,1,이거지롱
492499,0.7412452814943967,0,88,105393,20392.320000000003,109,47,79,62,88,105393,39209,29399,26333,25244,21535.26,19148.64,18872.6,19226.480000000003,20392.320000000003,415,zzzc****,좋아요,좋네요,우와,왜,계속,하나도,1,이거지롱
500354,0.6672589204781041,0,176,30889,13585.06,103,73,66,69,176,30889,24886,23671,21750,20605,12841.14,12586.23,12217.919999999998,12458.7,13585.06,368,zzwj****,땅콩들,잘보고있어요,재밌어요,치인트,말없었으면,우는거,1,이거지롱
501869,0.5525013061798987,0,70,69657,22227.24,64,74,51,174,70,69657,43118,33158,29532,27585,20957.56,19690.15,20556.95,21220.5,22227.24,685,zzim****,그림체,우와,그림체가,제주도,이게,나,1,이거지롱
516775,0.6267397483666887,0,135,850,12929.7,260,139,127,95,135,850,539,158,93,88,21167.65,16796.88,14247.7,13100.88,12929.7,868,zzzk****,와,우와,재밌어요,알고,있는데,이게,1,이거지롱
517656,0.5928212849696695,0,45,15110,10354.240000000002,71,57,28,31,45,15110,6380,1982,2829,1129,11263.04,10761.57,10508.27,10518.96,10354.240000000002,442,zxcv****,재밌다,오,우와,왜,뭔가,메이드가,1,이거지롱
518430,0.6685793105233664,0,57,7925,6494.22,84,48,83,162,57,7925,2701,1348,922,773,8630.74,7291.44,6794.259999999999,7251.68,6494.22,437,zlxl****,앜,바퀴벌레,헐,바퀴벌레,있는데,나도,1,이거지롱
531366,0.7092387812231166,0,147,4796,17289.14,209,88,229,151,147,4796,2049,676,222,129,18739.98,17650.22,19832.32,17304.48,17289.14,701,zxcv****,그림체,좋아요,와,이게,왜,뭔가,1,이거지롱
533637,0.6824226199596121,0,73,14048,10362.86,106,57,53,78,73,14048,8307,3309,1524,727,15240.490000000002,11778.48,11691.95,10798.84,10362.86,775,zzan****,앜,좋아요,울고,왜,이게,난,1,이거지롱
549034,0.6882629230894763,0,118,490041,18642.65,254,91,151,124,118,490041,394405,343581,330561,322236,28565.0,24408.51,21559.44,22001.0,18642.65,1179,zz46****,로와,와,좋아요,로와,뭐야,대통령,1,이거지롱
552140,0.6003418689397737,0,24,84196,5776.08,17,24,14,32,24,84196,59235,44995,40467,38957,5903.37,5635.0,5517.400000000001,5656.32,5776.08,137,zz77****,나도,굿모닝,손가락,이게,헐,뭔가요,1,이거지롱
553083,0.6621054398645472,0,46,4790,11575.64,35,57,63,79,46,4790,5730,2134,607,306,9067.94,11780.6,12162.24,12692.82,11575.64,318,zzgk****,그림체,와,완전,디즈니,인어공주,나만,1,이거지롱
554056,0.627207006136164,0,80,990,8861.5,45,55,49,80,80,990,588,251,197,112,7318.56,8048.37,7590.64,8263.359999999999,8861.5,326,zzzk****,웹툰으로,눈송이,웹툰,왜,고릴라가,말을,1,이거지롱
556709,0.5777410124137722,0,18,1698,4278.04,57,22,17,12,18,1698,1247,419,144,86,6265.599999999999,5546.8,4983.4800000000005,4733.04,4278.04,146,zxvx****,영화랑,재밌어요,어머,난,없는데,영화를,1,이거지롱
561378,0.6457783920984607,0,36,20196,7620.79,25,25,60,74,36,20196,16957,15769,11693,5875,4484.429999999999,5164.6,8198.810000000001,8424.9,7620.79,319,zy44****,와,감사합니다,왜,이게,뭐야,않은,1,이거지롱
563532,0.4710081815895978,0,16,100197,5698.349999999999,24,15,16,17,16,100197,78505,70768,64657,59986,7098.879999999999,6250.02,6147.08,7641.539999999999,5698.349999999999,220,zcbm****,여우가,그림체,화이팅,이게,아니,무슨,1,이거지롱
564789,0.5266204796413283,0,3,24718,941.76,7,5,4,8,3,24718,25350,19198,17523,16274,1435.6,1286.4,1128.0,1052.88,941.76,54,zntu****,작품,같은데,괜찮을,남주,순식간에,고자,1,이거지롱
572967,0.4450938044844427,0,14,3304,4733.24,45,13,19,14,14,3304,1842,1628,1497,1502,6108.959999999999,4979.04,4875.419999999999,4487.04,4733.24,195,zszs****,왜,아니,그림,와,달빛이,웹툰,1,이거지롱
575581,0.6882629230894763,0,60,5038,28460.25,128,72,113,59,60,5038,1999,609,242,132,24164.94,22731.11,23858.34,28138.08,28460.25,851,zyzk****,그림체,왜,만화,뭔가,왜,내여귀,1,이거지롱
579572,0.6946136866602759,0,88,24334,21775.52,195,78,71,57,88,24334,11426,8755,3656,1617,26351.52,25786.800000000003,25454.73,22049.58,21775.52,538,znzl****,와,왜,대박,왜,이게,뭔가,1,이거지롱
581780,0.510727769086547,0,14,1448,6691.2,21,75,42,44,14,1448,1481,641,205,98,8683.73,11178.24,9564.84,9485.55,6691.2,254,zzan****,재밌어요,오,이건,맞아,같은데,맡아,1,이거지롱
584001,0.584119740477364,0,15,9663,1721.28,42,10,15,14,15,9663,5568,2060,1145,546,3094.44,1906.96,1759.0400000000002,1842.4,1721.28,120,yuns****,오,정식,대박,나,익산사는데,작가님아,1,이거지롱
587576,0.7164954498339406,0,225,1226429,100774.79,405,152,126,113,225,1226429,860669,697527,603033,573158,111031.44,99275.82,95754.98,89631.36,100774.79,1228,zzzz****,정주행,한국어,시작,왜,이게,대학일기,1,이거지롱
587799,0.5960537767280939,0,9,2690,2176.48,16,11,14,6,9,2690,2273,888,378,225,2567.6000000000004,2534.3100000000004,2524.6000000000004,2102.31,2176.48,61,yulh****,좋네요,좋아요,재밌어요,쓰는,있는데,그리고,1,이거지롱
602180,0.6325764891013074,0,62,15584,12706.5,52,56,58,175,62,15584,11256,4026,1382,704,12972.22,14435.28,14022.96,16509.48,12706.5,599,zzjh****,할머니,이제,교복이,난,나도,할머니,1,이거지롱
602951,0.5138987092561568,0,28,7080,8278.26,36,34,22,36,28,7080,5985,2087,941,744,8979.199999999999,9103.68,9102.0,8805.9,8278.26,262,zkwa****,재밌어요,왜,같은,뭔가,아니라,저뿐인가요,1,이거지롱
604488,0.5932653007290594,0,127,3935,15465.91,182,58,143,114,127,3935,739,294,224,323,20096.89,12351.68,16392.420000000002,15254.88,15465.91,933,zxs2****,지완이,난,마지막,엄마,나도,있는데,1,이거지롱
608389,0.6243890931984002,0,24,345339,2252.6400000000003,44,61,41,65,24,345339,136251,103509,92996,37853,11309.2,5508.7300000000005,5577.96,6606.799999999999,2252.6400000000003,452,zzxy****,내가,특별편,그리고,왜,나만,다른,1,이거지롱
609392,0.4974890433368458,0,25,7936,5940.0,25,6,21,15,25,7936,2380,475,227,170,6396.12,5070.63,5768.280000000001,5398.889999999999,5940.0,107,zwei****,재밌어요,never,있어요,토끼를,삼년간,키운,1,이거지롱
613693,0.672109057689596,0,50,3156,6444.900000000001,65,76,61,111,50,3156,3278,1308,508,336,7396.740000000001,8821.56,7311.200000000001,7912.0,6444.900000000001,717,zz03****,빨리,웹툰으로,넘,이게,뭔가,흑발,1,이거지롱
616882,0.6745865652773287,0,93,17610,34253.64,128,236,181,238,93,17610,13692,2959,1070,1113,32094.95,35325.6,35351.65,37318.47,34253.64,1332,zzdd****,와,솔직히,그냥,솔직히,난,아름이가,1,이거지롱
618656,0.5075549926703994,0,29,12398,8680.880000000001,104,30,45,36,29,12398,5429,1792,692,482,11077.6,9210.71,8816.64,8855.15,8680.880000000001,382,zzxy****,웹툰으로,우렁이,헐,왜,웹툰으로,우렁이가,1,이거지롱
619340,0.6631027929963509,0,87,67353,18228.6,203,91,67,98,87,67353,42942,24649,16125,11368,23808.26,20291.88,18949.84,19315.17,18228.6,582,zzxx****,졸귀,귀여워,귀엽다,움비처럼이랑,뭐야,이게,1,이거지롱
619853,0.7433937891796835,0,166,110734,24788.04,179,166,115,581,166,110734,64375,34807,21340,16967,27326.69,24819.300000000003,23064.96,32590.74,24788.04,1650,zzxa****,나리,난,여주,난,나는,왜,1,이거지롱
619959,0.6921312070682927,0,57,207894,8108.16,52,58,35,36,57,207894,192871,148791,134285,123654,9780.85,9780.72,8671.06,8050.46,8108.16,347,zzdd****,눈이,와,이렇게,뭔가,꽃이,현이,1,이거지롱
620077,0.6474288713132518,0,20,91018,2954.1200000000003,46,25,16,27,20,91018,63243,52187,50815,37127,4265.05,3746.8,3164.8,3411.56,2954.1200000000003,159,zzv3****,와,재밌어요,응원합니다,다시,뭔가,만화,1,이거지롱
620219,0.7121886047250104,0,48,40322,15651.65,83,27,21,52,48,40322,25077,10640,3902,2344,16494.74,13697.28,13250.84,15371.74,15651.65,214,zmff****,왜,대박,웹툰으로,왜,이게,점이,1,이거지롱
620242,0.6880518698375344,0,30,127346,14528.75,44,19,31,36,30,127346,89794,49741,28983,20740,13449.28,13014.92,12375.97,15992.919999999998,14528.75,174,yyyh****,애채,귀여워,귀여워서,애채가,자신의,뭔가,1,이거지롱
626362,0.5668424735373753,0,13,1054,3577.0000000000005,22,16,11,11,13,1054,354,129,108,48,4841.259999999999,4377.84,4101.76,3683.9,3577.0000000000005,78,yy96****,그림체,재밌어요,온도가,전무가,뭔가,안넘어,1,이거지롱
627296,0.5953762240934397,0,13,108065,2083.96,19,13,9,9,13,108065,64718,50206,37664,35911,3102.75,2711.5,2072.7,2203.24,2083.96,105,zzts****,오,대박,다음,당시,조선은,평양까지,1,이거지롱
627752,0.6830181372892119,0,46,10620,2299.08,47,34,51,33,46,10620,3479,1134,1302,583,5523.67,7855.6,4641.3,4094.5,2299.08,280,zlfk****,우와,댓글,사랑해,글쌔글쎄,글쌔,글쎄,1,이거지롱
628300,0.6824226199596121,0,59,239177,23026.71,117,81,54,39,59,239177,263199,218472,188359,170446,23259.51,23842.32,24132.5,23521.8,23026.71,624,zzbe****,귀신,내가,소름,왜,난,귀신도,1,이거지롱
629107,0.6882629230894763,0,304,69680,39983.37,221,165,125,166,304,69680,40163,20893,15598,9293,42563.9,36803.52,38031.6,37029.61,39983.37,1591,zzan****,장갑,공감,그냥,난,내가,나,1,이거지롱
629829,0.6882629230894763,0,64,9607,8042.7,71,58,51,53,64,9607,7619,2555,1148,851,10959.39,10023.23,8791.15,8001.200000000001,8042.7,714,zxsw****,비스트,장현승,이기광,뭔가,왜,이게,1,이거지롱
630021,0.4452983760648002,0,15,114715,7986.599999999999,32,25,39,13,15,114715,144122,60804,34187,22126,8441.449999999999,9495.6,8498.07,8931.52,7986.599999999999,275,zzwh****,그림체,베도,좋은데,뭔가,아니라,좀비,1,이거지롱
630308,0.7074381706284092,0,24,3330,1321.65,11,36,34,114,24,3330,1168,727,671,654,3649.32,4910.36,2909.68,2712.6,1321.65,286,zoos****,축하드려요,축하드립니다,완전,단안경,송방,작가가,1,이거지롱
630616,0.4752542782436642,0,24,957666,11460.8,41,53,26,12,24,957666,627539,572813,493760,480777,15225.12,13620.6,12784.72,11579.36,11460.8,324,zzzz****,와,왜,그림체,뭔가,내용이,뭐야,1,이거지롱
632785,0.7439876038740041,0,137,71816,21819.6,80,72,69,128,137,71816,38949,19457,14127,13516,20100.69,19306.12,18656.64,20343.73,21819.6,722,zx10****,음식,복희,재밌어요,웹툰,살이,옥수수빵,1,이거지롱
635153,0.6348112837969693,0,88,20304,15450.62,69,26,36,125,88,20304,13134,6396,3211,1542,15393.78,13908.2,14937.9,15795.72,15450.62,498,zxs2****,와,주인공은,존잘,내가,내,아니,1,이거지롱
635237,0.734812743293462,0,51,50833,7150.47,65,39,51,46,51,50833,47771,37109,26700,22338,7090.04,6166.96,6611.9400000000005,6474.6,7150.47,311,zzxc****,그림체,디즈니,그림체가,작가님의,있는데,아이유,1,이거지롱
637221,0.6113816763765239,0,42,21783,14710.8,39,28,67,111,42,21783,8983,3809,1647,1204,16855.92,15940.8,15329.02,16098.24,14710.8,567,zz03****,나,난,왜,있었는데,왜,최초의,1,이거지롱
638118,0.7306127195213351,0,29,20623,5014.2300000000005,23,21,13,30,29,20623,7811,2325,886,492,5113.13,4702.5,4253.969999999999,4623.84,5014.2300000000005,134,zxb8****,꿀잼,헐,와,응,지겨워,에서,1,이거지롱
640524,0.706168789014822,0,56,26775,16745.0,114,57,84,69,56,26775,21687,19700,17533,16623,22068.35,20822.9,20222.05,19414.29,16745.0,445,zose****,토란님,미친,역시,뭔가,숲속마을,이게,1,이거지롱
640665,0.6516237872409681,0,17,146467,5882.52,58,33,65,30,17,146467,93938,107666,63508,45253,11909.34,8661.34,9383.85,7123.4800000000005,5882.52,244,zhdk****,좋은,단종,와,왜,원래,이름은,1,이거지롱
642133,0.5144825161942534,0,7,46895,1073.37,43,12,3,7,7,46895,24776,17002,13246,10833,2126.49,1394.25,1111.5,1016.5,1073.37,122,zlfl****,스토리,내용이,기대되네요,컷마다,나오는,흰색,1,이거지롱
643642,0.6023761093900598,0,21,4301,7370.48,31,34,24,31,21,4301,3842,2395,1087,580,5285.57,11264.71,8106.549999999999,7872.44,7370.48,122,zbvl****,재밌어요,재미있어요,화이팅,예문에서,영어를,잘하는,1,이거지롱
644830,0.5344332981248436,0,2,41942,2853.6,12,9,6,8,2,41942,24650,20274,19486,17798,4355.64,3253.73,3316.08,3014.74,2853.6,52,zose****,잘봤습니다,우왕후,작품,고구려,연우를,형사취수제가,1,이거지롱
645601,0.7119728740105797,0,69,263170,9455.16,50,52,80,38,69,263170,213877,158028,139970,122457,17285.4,11954.8,11888.95,10076.92,9455.16,398,zzag****,피부,어깨가,여드름,어깨,나는,음,1,이거지롱
650239,0.6497702640250118,0,26,70626,5291.150000000001,26,24,45,26,26,70626,45732,30757,12742,8305,6213.719999999999,5856.839999999999,6938.61,5866.7,5291.150000000001,208,zzzz****,부장님,몸매,재밌어요,뭔가,작가님이,뭐야,1,이거지롱
650375,0.6585724386947656,0,12,99380,2329.32,27,14,12,12,12,99380,36711,25283,23023,21419,2995.74,2297.88,2287.52,2242.76,2329.32,84,zcoo****,재밌어요,선생님,완전,쌤이랑,나만,여선생님,1,이거지롱
650671,0.5023522389653443,0,14,49190,9702.160000000002,67,47,24,22,14,49190,28531,14823,11813,10648,12609.75,11482.29,10313.56,9870.0,9702.160000000002,221,zzub****,와,대박,그림체,완전,뭐야,무서워서,1,이거지롱
651926,0.4745999817988339,0,19,89319,2175.04,29,8,10,17,19,89319,55700,50994,42395,36329,3283.8300000000004,2400.0,2717.27,2575.48,2175.04,188,zx31****,오오,리메이크,강희,리메이크,뭔가,여주,1,이거지롱
651930,0.5623528166232815,0,15,59988,5819.320000000001,21,9,17,12,15,59988,58715,55717,54053,53200,6173.24,6137.5,5997.160000000001,6082.200000000001,5819.320000000001,102,zjvl****,햄스터,햄스터는,귀여워요,햄스터한테,입양보내신분은,착한분이에요초딩이랑별개로,1,이거지롱
651964,0.6384375593433382,0,8,21373,716.1,22,8,8,7,8,21373,19069,11619,8164,6867,1212.72,923.4,904.28,813.12,716.1,38,zion****,참,얼른,베도,사람은,쭉,미스터,1,이거지롱
656114,0.480702942226012,0,17,346745,14271.27,27,18,10,12,17,346745,350182,338472,333722,325044,16031.69,15434.1,14587.75,14414.4,14271.27,142,zy_7****,아메리카노,알바,가요,알바,아메리카노,웃는,1,이거지롱
657803,0.74682960716973,0,155,1335085,43112.16,565,280,336,167,155,1335085,1077314,1019164,957274,967537,70397.02,49903.880000000005,57994.2,43867.2,43112.16,1594,zzzz****,구름이,리메이크,헐,리메이크,뭔가,구름이,1,이거지롱
657945,0.661566737937239,0,63,775264,34110.719999999994,70,61,54,33,63,775264,794709,747570,708586,682427,37760.02,40095.0,38986.2,35328.38,34110.719999999994,497,zodi****,언니가,완전,공감,언니가,난,오빠가,1,이거지롱
658182,0.7102140773803558,0,387,386012,37953.92,71,122,76,173,387,386012,373208,374113,353392,362872,36808.2,32950.75,32135.4,37338.88,37953.92,814,zzzz****,독수리,재밌어요,다시,독수리도,왜,솔직히,1,이거지롱
659030,0.7490309585239595,0,57,914378,43719.24,192,136,131,68,57,914378,914773,843868,777864,712855,49418.32,54610.71,56966.4,46910.240000000005,43719.24,597,zzzj****,김스님,와,소름,내가,헐,하니까,1,이거지롱
659337,0.6906175466223314,0,67,1236050,40802.58,62,31,95,53,67,1236050,1114671,966608,914783,898589,27271.800000000003,26702.82,28565.52,26049.5,40802.58,483,zz57****,포켓몬,여주,연애,뭔가,웹툰,그림체가,1,이거지롱
659525,0.6455594732875062,0,27,215228,4237.92,61,31,44,25,27,215228,157795,141389,131475,107358,7761.6,6599.84,6939.900000000001,5616.03,4237.92,226,zzag****,리메이크,드라마,옆동네로,이게,둘이,저승사자가,1,이거지롱
661368,0.6652494187708089,0,58,197747,11161.32,42,33,32,46,58,197747,174523,147057,124866,113802,6833.990000000001,7303.67,6342.960000000001,7432.5,11161.32,294,zzan****,리메이크,그림체,q,점순이,별로다,뭔가,1,이거지롱
661463,0.6061267043362594,0,9,22671,1330.62,14,5,3,5,9,22671,12576,10153,9049,8792,2380.44,1470.63,1330.62,1137.72,1330.62,41,yska****,귀여워요,다시,사이에,물이,엔키는,물의,1,이거지롱
662856,0.5498665964028566,0,15,365817,16195.83,61,39,35,16,15,365817,331074,301727,280732,262317,21040.32,19750.72,18046.11,16493.73,16195.83,226,zzzl****,웽,웽이,정주행,물,핸드폰,웽,1,이거지롱
663389,0.7092387812231166,0,51,105264,4321.93,81,36,39,55,51,105264,67414,43331,34761,33804,7298.849999999999,4359.12,4419.0,4747.200000000001,4321.93,171,zzo_****,쨈,무의식의,재밌어요,무의식의,숲보고,당장,1,이거지롱
663501,0.6552645654409773,0,13,53900,5989.009999999999,17,28,22,13,13,53900,45248,43318,38063,37215,4515.54,4315.68,4612.25,4402.4800000000005,5989.009999999999,72,zzan****,응원합니다,재밌어요,넘,페북,알림,피로가,1,이거지롱
665933,0.6557457109238101,0,15,117517,3965.52,31,12,29,13,15,117517,89616,75224,67020,64091,4455.75,4111.62,4317.56,3876.88,3965.52,106,znzl****,헐,아침나라의,재밌게,이건,뭐중2병,대사가,1,이거지롱
666179,0.747418172458381,0,124,883028,40685.84,413,242,154,153,124,883028,688810,582085,527632,613824,54067.85999999999,63548.100000000006,48421.44,41861.560000000005,40685.84,1189,zxcv****,와,그림체,네이버,다른,뭔가,뻐꾸기는,1,이거지롱
666702,0.6652085189529255,0,81,299200,12512.34,73,59,25,54,81,299200,234041,178911,158242,157910,13750.6,15236.1,11541.63,11616.99,12512.34,361,zxcv****,와,사투리,재밌어요,왜,이게,사투리를,1,이거지롱
667056,0.7327643527241056,0,132,1054461,23788.16,81,16,22,32,132,1054461,615828,533048,497472,507824,27393.3,19047.6,18275.4,18493.2,23788.16,399,zyzk****,남주,넘,와,뒷담,뭔가,내가,1,이거지롱
670485,0.5054390113680052,0,11,107660,1582.4,29,6,7,3,11,107660,84824,70016,64653,63865,2352.16,1932.45,1631.85,1641.74,1582.4,52,zkak****,좋네요,재밌어요,만화,쌤,어느,학교나,1,이거지롱
671376,0.7092387812231166,0,61,130202,8804.039999999999,70,51,85,64,61,130202,91239,84741,80350,80271,9524.95,9248.19,9830.52,9326.72,8804.039999999999,370,zxcv****,빨리,와,웹툰으로,주인공,뭔가,게임이,1,이거지롱
673955,0.6997705543022146,0,30,166762,4989.6,38,32,31,30,30,166762,159681,115806,97817,92699,6769.92,6441.92,5424.120000000001,5425.2,4989.6,183,zzdd****,재밌어요,감사합니다,우정이,계란으로,보이면,우정이,1,이거지롱
674166,0.6233750685966939,0,15,57573,2719.75,7,21,7,18,15,57573,57384,44236,41764,41275,2139.25,2521.9500000000003,2072.02,2304.3700000000003,2719.75,74,zkak****,대박,그림도,왜,머지,음,거기,1,이거지롱
674218,0.7352016517697088,0,42,1640501,55242.0,279,196,172,145,42,1640501,1199752,1108994,1072682,1027165,70913.7,66813.22,67366.72,65739.84,55242.0,809,zxzx****,그림체,와,좋아요,발암,뭔가,여주,1,이거지롱
674525,0.5823961027245544,0,13,146457,4336.2,32,30,15,19,13,146457,100477,85133,80079,69808,12582.4,7568.080000000001,5475.84,4241.04,4336.2,162,zx56****,빨리,옆동네로,완전,뭐지,왜,들어왔는데,1,이거지롱
674748,0.6715583701849502,0,38,440262,12080.29,48,67,38,26,38,440262,292357,252151,230224,228554,16104.4,13695.62,11735.36,12511.8,12080.29,261,zmq4****,넘,그림체,훤이,왜,뭔가,남자,1,이거지롱
676788,0.7092387812231166,0,39,82395,6461.52,31,18,24,45,39,82395,60974,54851,50419,47520,5981.69,5876.56,6287.19,7348.27,6461.52,140,zeat****,귀여워요,귀여워,귀엽고,뭐야,배도에서,온거였어,1,이거지롱
677884,0.5477160995193758,0,4,33083,1132.75,29,14,11,4,4,33083,21102,19535,18452,17777,2319.88,1317.6,1226.25,1235.0,1132.75,67,youn****,크,웝툰보다,잼있음,너이,십1ㅏ앙,저거뭐야,1,이거지롱
681297,0.4708416819333603,0,19,419212,9375.3,65,35,14,19,19,419212,304392,263896,219690,207929,14281.89,11858.11,10176.4,9682.2,9375.3,198,zzzz****,와,재밌어요,화이팅,남주,될,나만,1,이거지롱
683920,0.5338529289242543,0,14,89625,5459.280000000001,43,16,10,9,14,89625,73319,64964,61845,58230,7249.599999999999,6708.52,5531.46,5215.94,5459.280000000001,95,zetz****,넘,좋아요,화이팅,나도,배가,아야야했는데,1,이거지롱
685409,0.6921312070682927,0,97,542544,20664.33,129,63,82,52,97,542544,577785,539524,498671,476611,17575.0,19266.44,19453.68,18910.32,20664.33,782,zzzv****,오수,얼마나,감사합니다,살,살이,왜,1,이거지롱
686314,0.5829324780350735,0,30,149542,6326.1,50,26,31,24,30,149542,136253,109218,92364,93893,7904.000000000001,7254.12,6979.5,6897.36,6326.1,170,zmfh****,왜,히뎁트,베도,죽었어요,공주의,왜,1,이거지롱
686801,0.5048964679204806,0,22,417396,10008.9,39,24,22,28,22,417396,279034,221783,202879,191137,11701.8,10226.7,9484.8,9929.22,10008.9,195,zx50****,그림체,넘,재밌어요,컷에,아니,인스타에서,1,이거지롱
687571,0.5706761502118444,0,21,336817,9622.4,25,20,24,14,21,336817,270772,229861,202734,197404,9071.85,9474.92,9870.36,9572.8,9622.4,132,you1****,재밌어요,그림체,그림체도,은태,여친이면,이만화,1,이거지롱
688858,0.61010865353139,0,7,207790,4526.21,42,11,21,33,7,207790,158601,147040,139378,133959,7140.77,6130.080000000001,5166.719999999999,4579.38,4526.21,174,zetu****,왜,여주,사생,사생,사생미화,여주,1,이거지롱
689019,0.5048050647276344,0,9,194139,3671.64,11,11,5,1,9,194139,168468,133955,121495,101615,3957.6,4199.91,3537.8,3207.75,3671.64,79,zenn****,시작,있습니다,좋겠다,정상급,만화가가,심심해서,1,이거지롱
689048,0.5317996806339412,0,26,204322,4722.94,50,32,24,46,26,204322,127728,103646,107238,91245,6398.89,3914.76,4631.4800000000005,4440.12,4722.94,367,zxzx****,재밌어요,와,완전,아니라,거,그래서,1,이거지롱
689574,0.7295054371894947,0,125,249415,10659.6,136,58,118,120,125,249415,174136,146081,132446,120304,13380.84,11411.4,12438.920000000002,10908.67,10659.6,628,zk13****,그림체,오늘도,좋아요,색이,남주,뭔가,1,이거지롱
690350,0.6010976842269357,0,13,54940,1473.76,60,28,25,10,13,54940,28772,22824,21290,20620,3227.52,1721.28,1524.12,1523.65,1473.76,175,zodo****,사랑해요,남주,그래도,왜,하면,이분,1,이거지롱
691180,0.6016178412664165,0,8,61740,1858.59,26,21,12,17,8,61740,51274,34454,27423,23252,3530.58,3357.44,2204.17,2156.96,1858.59,93,woto****,감사합니다,기다렸어요,늘,말,기분,저렇게,1,이거지롱
692651,0.5740480758925735,0,55,478738,14732.25,98,117,55,51,55,478738,412259,410940,342257,299646,15165.8,16127.579999999998,16367.95,12023.96,14732.25,381,zxcv****,다시봐도,내가,왜,뭔가,계속,왜,1,이거지롱
693382,0.7412452814943967,0,114,317558,11778.99,24,30,36,52,114,317558,229261,196230,153525,178848,9731.82,8708.4,10165.66,7722.4,11778.99,318,zymi****,재밌어요,베도,정식연재,이게,처음,헐,1,이거지롱
693974,0.578508627357997,0,8,227200,12219.06,16,12,9,44,8,227200,289957,253059,209899,184635,9554.86,14227.2,11735.429999999998,13636.38,12219.06,137,zotm****,넘,귀여워요,헐,보니,산부인과,뭔가,1,이거지롱
694144,0.7412452814943967,0,47,368469,18967.74,212,77,46,42,47,368469,296635,275778,256407,253214,25782.08,21607.68,20592.98,19770.45,18967.74,479,zxh8****,그림체,넘,완전,뭔가,보니까,피와나비,1,이거지롱
694996,0.6355363859876668,0,6,16742,413.16,15,10,7,10,6,16742,11981,6236,3245,2772,1048.32,1132.8,875.13,581.9399999999999,413.16,48,zksx****,응원합니다,그림체,이야기,아직,내용인지는,연출이,1,이거지롱
695195,0.7082466491553879,0,41,85217,2383.49,73,30,15,16,41,85217,53685,41280,35868,48398,4421.96,2479.88,1841.95,2001.82,2383.49,178,zxcv****,와,빨리,여주,뭔가,알았는데,오,1,이거지롱
695236,0.6689022537246514,0,50,137901,5765.87,28,27,16,57,50,137901,104830,96339,89276,64790,7370.48,7427.639999999999,6623.1,8314.49,5765.87,210,zxdc****,재밌어요,그림체,넘,뭔가,혜수,트리파,1,이거지롱
695325,0.6404096305639637,0,38,139375,8975.82,28,29,16,35,38,139375,121530,96089,85244,84301,8479.6,8172.36,7434.900000000001,8432.0,8975.82,146,zodi****,재밌어요,백지,웹툰,츄카피,이랬는데벌써완결,침대머리두는,1,이거지롱
696052,0.5365646904384167,0,14,130975,4027.52,37,26,26,15,14,130975,90542,80640,75555,71180,5602.67,4974.82,4582.34,4279.83,4027.52,161,zoro****,벽돌굼벵이,다른,꿀잼,이게,ㅡㅡ,엘프,1,이거지롱
696233,0.5249174092110345,0,35,217988,10173.52,65,25,24,35,35,217988,148805,134724,125382,130657,11826.75,9731.8,9446.15,12008.7,10173.52,333,zkwa****,재밌어요,정식연재,다시,있는데,달팽이만,뜨는데,1,이거지롱
697307,0.747418172458381,0,36,355747,9389.12,109,40,30,44,36,355747,259719,220198,206261,213406,12882.52,10580.91,10034.75,10369.17,9389.12,298,zzxx****,리메이크,다름이,넘,왜,아닌가,네이버에서,1,이거지롱
697358,0.5706761502118444,0,21,89280,9089.6,40,14,16,16,21,89280,77392,73453,66940,66453,9504.29,8236.08,8091.72,8330.279999999999,9089.6,108,yoy0****,귀여워요,그림체,귀여워,이게뭐얔,친구는,복싱하다가,1,이거지롱
697450,0.6224454362180283,0,19,182671,5610.339999999999,16,46,18,22,19,182671,148203,144159,121602,110505,6347.219999999999,6661.68,5950.92,5748.38,5610.339999999999,170,yuri****,가면,잘하고,여주,지금,친구,뭔가,1,이거지롱
697523,0.6004388644603474,0,21,331798,6145.360000000001,52,26,21,26,21,331798,214447,187214,169917,164059,8600.16,7074.96,6299.93,6149.009999999999,6145.360000000001,200,zzzz****,재밌어요,화이팅,와,세라,왜,그렇게,1,이거지롱
697944,0.6471276188232852,0,25,120789,4200.39,35,30,22,16,25,120789,90132,80822,72599,70756,5202.08,4366.339999999999,4289.03,3886.8,4200.39,157,zz07****,남주,귀엽고,완전,나만,여주,아니,1,이거지롱
699830,0.6286900374377111,0,40,107919,7817.039999999999,47,18,17,27,40,107919,84730,70344,61979,59635,8485.65,7129.62,7288.83,7868.28,7817.039999999999,152,zpdl****,꿀잼,재밌네요,개웃기네,왜,중,뭐야,1,이거지롱
700154,0.6181562821243202,0,15,136323,6064.92,19,15,16,15,15,136323,97777,84259,80371,76129,7323.539999999999,6034.32,5848.77,5963.67,6064.92,101,zlsl****,빨리,와,오빠,오옷,뭔가,기대치,1,이거지롱
700260,0.6725366173453655,0,7,66710,3299.75,18,17,13,14,7,66710,46193,40521,41782,36195,4057.28,4003.64,3734.64,3675.36,3299.75,66,zxw9****,귀여워,귀엽다,넘,은근,종독성있다,None,1,이거지롱
700346,0.508085937338678,0,3,49266,2349.6,20,7,6,7,3,49266,48480,42774,40033,38762,3025.11,2621.04,2462.31,2535.61,2349.6,38,zoes****,귀엽당,미끼를,던져본것이고,맡기싶쇼x맡기십쇼o맡기십시오,맡기십쇼웹툰에,오타가났어요,1,이거지롱
700403,0.5631471597348878,0,7,46631,2248.9500000000003,12,9,14,21,7,46631,37248,35540,31065,30782,3260.6,2852.46,2550.24,2388.49,2248.9500000000003,108,zjsx****,왜,내가,굳이,여주가,같은,와,1,이거지롱
700785,0.6122742903045398,0,5,24124,1154.3,8,5,3,2,5,24124,22404,16219,12880,11922,1504.58,1342.6,1284.36,1164.0,1154.3,28,yang****,좋습니다,쉬시고,일본,None,None,None,1,이거지롱
700877,0.6898034587160211,0,13,176137,3848.96,27,13,8,12,13,176137,147007,123219,112638,107414,5232.4800000000005,4186.25,4261.3,4969.92,3848.96,91,zhyu****,여임이,여주,와,뭔가,처음에,로딩중,1,이거지롱
701295,0.6338681498867348,0,14,149107,4021.65,36,18,13,9,14,149107,92293,76400,67853,64021,4315.68,4312.04,3968.0,3669.19,4021.65,121,zzdd****,스타킹,그림체,이렇게,그냥,이게,저주를,1,이거지롱
701921,0.747418172458381,0,60,1067063,23807.45,57,77,113,91,60,1067063,1137473,840371,739758,686577,20459.76,24154.2,28821.800000000003,26720.22,23807.45,739,zzss****,그림체,노아,넘,강다니엘,뭔가,있어요,1,이거지롱
702188,0.5882075073170664,0,14,47239,2170.29,16,9,9,9,14,47239,22000,17131,15816,15797,2612.12,2307.24,2193.36,2112.18,2170.29,70,zmdj****,와,소재도,항상,로베스,이해가,뭐야,1,이거지롱
702700,0.631418559998774,0,27,128918,5447.05,30,28,19,23,27,128918,137151,102668,88114,87536,6487.8,5870.200000000001,4880.0,5357.35,5447.05,131,yyc1****,그림체,와,완전,차가,차랑,시람이랑,1,이거지롱
702873,0.5832449033872218,0,8,47150,4573.12,21,11,15,14,8,47150,47308,42434,38905,34773,4426.240000000001,4756.47,5277.44,5187.6,4573.12,68,zzxo****,감사합니다,작품,좋은,핀드리퍼,저렇게,쓰는거군요,1,이거지롱
703199,0.6471276188232852,0,33,176173,5791.8,144,62,79,32,33,176173,122729,101471,87162,81853,8505.27,6901.95,8008.049999999999,5359.44,5791.8,405,zmxn****,기다렸어요,헐,와,원래,뭐야,여자로,1,이거지롱
703831,0.6437523137049047,0,6,38132,2729.6400000000003,8,6,8,6,6,38132,35196,29878,26478,24772,2736.76,2811.6,2501.9,2284.59,2729.6400000000003,37,yode****,천사,귀여워요,그림체도,집주인,비꼬는거,극혐,1,이거지롱
704010,0.6153391569374251,0,5,124776,3115.76,27,18,20,10,5,124776,115017,90409,79828,74645,3601.44,4224.36,3735.4,3273.59,3115.76,109,yous****,여주,유리,서로,아니,봐도,나리한테,1,이거지롱
704098,0.5678544380141881,0,22,94434,7076.789999999999,100,38,20,25,22,94434,57033,41957,36855,34525,10177.2,7682.400000000001,7335.900000000001,7617.48,7076.789999999999,190,zeni****,이렇게,재밌어요,넘,코로셋은,여성을,관념을,1,이거지롱
705715,0.6695761910817781,0,11,68386,1802.55,27,15,12,13,11,68386,46998,45226,30569,26665,3396.48,2890.02,2452.65,1767.6,1802.55,126,zzoe****,리메이크,왜,대작,왜,사람이,이해는,1,이거지롱
705776,0.6585724386947656,0,11,87524,2328.06,36,23,9,8,11,87524,57425,46869,42050,41924,3578.12,2626.4,2344.59,2102.7,2328.06,93,zzzz****,참새,넘,귀여워,왜,참새,이게,1,이거지롱
706120,0.61658748766361,0,10,81790,3401.7,18,11,15,9,10,81790,58819,51621,49688,49184,4747.200000000001,3890.75,3581.12,3217.5,3401.7,68,zhen****,장막의,뒤에서,재밌어요,지금,유리가,말하는,1,이거지롱
706431,0.6042675532545588,0,33,183903,12142.52,79,28,29,30,33,183903,152120,145354,141030,133855,15425.1,12693.6,12687.44,12319.68,12142.52,164,zzan****,귀여워요,넘,다시,결혼하고,이게,베도에서,1,이거지롱
706927,0.5619640873379802,0,8,50447,1192.5,34,7,9,13,8,50447,29831,23992,21655,19269,2361.91,1511.64,1399.4399999999998,1447.04,1192.5,109,zlfk****,정식연재,와,이건,왜,거,그런,1,이거지롱
706981,0.719213191167023,0,42,569434,12474.0,190,59,47,39,42,569434,378245,318778,286737,272717,20242.24,14987.2,14553.36,13160.160000000002,12474.0,523,zxdd****,사랑해요,왜,베도,왜,어떻게,뭔가,1,이거지롱
707461,0.6397071515517241,0,12,39851,1294.8000000000002,11,13,16,18,12,39851,27558,18178,11333,9164,1062.75,840.6500000000001,819.4000000000001,1363.59,1294.8000000000002,68,yyy0****,나비,뱁새,넘,하악,애들이,어휴,1,이거지롱
707777,0.6266462579692269,0,10,48768,2888.98,7,5,17,8,10,48768,35388,30900,28110,26830,3145.34,2690.08,3293.3700000000003,2663.1,2888.98,61,zx00****,와,주인공,대박,이게,베도작품이라고,그림을,1,이거지롱
708277,0.5744832391671287,0,10,32924,1129.3,18,7,8,6,10,32924,23192,20759,17056,15605,1979.25,1288.3,1221.25,1068.2,1129.3,73,zero****,드디어,리메이크,와,범죄를,범예고로,아니라,1,이거지롱
708418,0.5881214686976484,0,10,33543,1441.3,16,8,11,8,10,33543,26302,20136,16152,15235,1938.44,2549.44,1752.41,1459.71,1441.3,44,zhrd****,재밌어요,다음화,재밌게,가족들한테,들키면,망할거같은,1,이거지롱
708446,0.5714860798946307,0,37,247001,13199.68,25,33,37,38,37,247001,266703,241535,225818,215575,10718.82,14092.02,14666.61,14741.1,13199.68,288,zntm****,정순이,재밌어요,사이다,뭔가,아니라,그냥,1,이거지롱
708497,0.5582811069068043,0,17,86816,10743.36,11,14,12,9,17,86816,74422,61179,57407,55037,9958.83,9791.1,10385.68,10564.06,10743.36,68,youa****,좋은,좋아요,만화,왜,내가,솔직히,1,이거지롱
709500,0.6822462720752752,0,50,341297,6520.7,120,63,74,55,50,341297,203838,148829,125322,103430,18165.03,10302.48,9066.56,8293.699999999999,6520.7,496,zyum****,와,그림체,재밌어요,뭔가,이름이,신과함께,1,이거지롱
709602,0.4795151252082394,0,2,35201,1320.69,25,7,6,5,2,35201,31433,26473,24914,24214,2042.56,1521.5200000000002,1340.55,1451.24,1320.69,66,yish****,리메이크,정식,다시,없이,이번에는,리메이크,1,이거지롱
709792,0.6220077955072469,0,9,21431,1543.66,31,55,13,25,9,21431,17374,11397,11067,11760,3539.34,4579.679999999999,2203.24,2285.73,1543.66,138,zaoy****,네이버,와,이건,와,말투를,봐꿔보아요노잼인데,1,이거지롱
710226,0.5795206773251415,0,11,36010,3555.85,15,15,11,9,11,36010,41501,31795,27532,27694,4465.76,4062.32,3765.8,3523.59,3555.85,60,yuun****,월요일,남일같지가,연차쓰고,사람,작가가,어려서,1,이거지롱
710408,0.4926484913171763,0,12,127751,1151.25,29,8,9,10,12,127751,77963,49561,37838,35948,2309.8900000000003,1648.59,1489.12,1276.58,1151.25,85,zhna****,전설의,시잘,귀여워,빤스런은,3글자,15렙에,1,이거지롱
710981,0.563749808031205,0,14,185556,3906.48,24,18,15,10,14,185556,123092,77332,65558,57655,5312.58,4743.36,4391.219999999999,4048.92,3906.48,112,znfm****,와,다시,왜,경찰,졸업식에,나만,1,이거지롱
712048,0.5429097981175934,0,10,89878,3392.64,10,17,13,10,10,89878,99436,76632,72330,66556,3703.6,4289.099999999999,4102.74,3934.27,3392.64,80,zzz0****,그림체,왜,토끼가,뭔가,토끼,하지마,1,이거지롱
712106,0.6003921287202236,0,33,145010,3597.75,52,23,25,8,33,145010,101065,78529,63906,56495,6565.93,4777.320000000001,3966.12,3633.02,3597.75,222,yunh****,언니,왜,메로나,아줌마,집주인,없어서,1,이거지롱
712493,0.6667110629035466,0,55,67500,2925.45,141,62,55,151,55,67500,56447,42075,40139,25081,9108.69,7593.3,6428.5,5066.6,2925.45,412,zitu****,네이버,축하드려요,정식연재,왜,바로,스포츠카를,1,이거지롱
712853,0.586441365481288,0,13,86868,2620.8,30,13,16,8,13,86868,79151,56817,47899,45288,3901.66,3203.46,3065.6,2724.6000000000004,2620.8,134,zike****,남주,축하드려요,처음,아니,여주가,이상하다고,1,이거지롱
712894,0.5252406401389231,0,15,188651,5069.12,42,5,10,13,15,188651,132225,110555,102681,97491,6497.400000000001,5210.65,5043.57,4747.469999999999,5069.12,155,zung****,최강자전,최강자전에서,그리고,뭔가,뭐야,아닌가,1,이거지롱
714207,0.62442258805891,0,19,109549,1887.88,42,26,23,21,19,109549,75183,63678,52701,48835,2961.67,2530.44,2569.05,2750.94,1887.88,145,yuk1****,오,존잼,재밌어요,정확하게,왜,난,1,이거지롱
714912,0.747418172458381,0,109,304510,17548.48,404,175,105,108,109,304510,197113,170096,154744,150510,24634.85,19078.28,16044.29,17592.3,17548.48,816,zzzz****,이거대박난다,정식연재,와,부산,왜,있고,1,이거지롱
715104,0.6324259151912494,0,2,86676,1833.0,26,10,5,13,2,86676,77003,56243,46106,45146,4298.8,2566.88,1996.7,1856.3,1833.0,101,zxr1****,그림체,아이,달의,이게,카카페,항아,1,이거지롱
717464,0.6183792755026368,0,19,190411,4687.96,33,25,25,33,19,190411,142919,118031,107041,106629,6481.660000000001,4966.200000000001,4703.1,6203.91,4687.96,251,zxvc****,래임이,치마,웹툰,왜,보는,이게,1,이거지롱
717561,0.6708058853925688,0,24,185626,5093.35,46,19,45,30,24,185626,109533,88956,78827,76258,7286.44,5327.86,6068.76,6555.02,5093.35,188,zxcv****,남주,정식연재,그림체,어,이거저만오륜가,아예없는데요,1,이거지롱
718173,0.6613805054467872,0,40,86585,5973.56,30,31,31,17,40,86585,62874,52644,49180,45713,6036.120000000001,5611.320000000001,5921.999999999999,5380.16,5973.56,165,zkzk****,이건,대박,정식연재,어떻게,있는데,만화,1,이거지롱
718414,0.6335547251683228,0,3,157445,564.86,25,11,7,7,3,157445,96739,43810,25498,20389,2496.86,1117.41,876.06,732.3299999999999,564.86,47,yolo****,와,이렇게,최강자전에서,아직,그는,사진,1,이거지롱
718712,0.6271798989521805,0,12,77214,1244.5,22,16,9,15,12,77214,76682,57242,38270,29026,2698.9500000000003,1887.48,1431.89,1409.5400000000002,1244.5,66,zpdl****,대박,화이팅,다음,뭐래,만화가,안나와,1,이거지롱
718982,0.5291067469969817,0,11,48093,2150.33,37,17,23,13,11,48093,32430,28631,25361,24110,2960.1,2388.69,2254.56,2133.11,2150.33,164,zlzl****,와,재밌어요,정식연재,주인공이,뭐야,막,1,이거지롱
718983,0.6885791195331212,0,33,59730,2413.1600000000003,51,47,32,32,33,59730,49462,30774,28652,21512,4407.42,3269.86,3964.0,2890.8,2413.1600000000003,225,zinn****,와,정식연재,제발,하차합니다,또,아니,1,이거지롱
720220,0.5722674961694895,0,7,86635,4683.5,22,16,20,7,7,86635,60924,50255,45404,43117,6549.509999999999,5175.14,5313.6,4490.849999999999,4683.5,108,zodi****,수영,수영을,넘,수영,어떻게,지금,1,이거지롱
720228,0.5958395718517475,0,9,23594,1221.4,13,9,3,7,9,23594,18348,16636,15321,15114,1654.5099999999998,1282.4899999999998,1182.1699999999998,1290.9,1221.4,38,zbsh****,재밌어요,정식연재,곰,큰,만화적,어용이라고,1,이거지롱
720291,0.5308979090880972,0,24,480905,18152.04,93,68,69,90,24,480905,369354,348680,351066,301341,24735.36,21804.16,21876.68,23326.68,18152.04,541,zzin****,와,재밌어요,왜,와,형,계속,1,이거지롱
720707,0.595101020611149,0,32,137537,10611.97,51,84,25,32,32,137537,92740,82766,77268,73851,11316.0,11648.52,10587.84,10382.58,10611.97,205,yung****,좋아요,재밌어요,넘,분량,뭐지,보려고,1,이거지롱
721520,0.7092387812231166,0,40,71595,7002.120000000001,86,47,39,28,40,71595,52477,36540,29916,29327,7698.599999999999,6783.679999999999,6625.92,6379.05,7002.120000000001,183,yuon****,와,다시,좋아요,그냥,이어지는,이전,1,이거지롱
721777,0.5915351831916011,0,26,215747,12285.9,84,28,25,15,26,215747,199254,151765,129903,119298,19030.88,14720.98,12622.5,12659.2,12285.9,210,znzl****,수학과,와,마지막,해석학,학잠,극혐,1,이거지롱
721909,0.5717451582468539,0,9,49012,1685.2500000000002,18,8,7,9,9,49012,35175,28544,25775,24552,2206.05,1999.2,1729.29,1823.85,1685.2500000000002,62,zhdi****,버프툰에서,재밌어요,세이,도마뱀,아무것도,안뜨는데,1,이거지롱
721910,0.7000325895758959,0,24,23687,3283.48,40,33,21,26,24,23687,17557,11826,10571,10113,4826.429999999999,4314.3,3583.8,3504.6,3283.48,110,zono****,재밌어요,마왕,좋아요,여잔지,몰랐는데,1화부터,1,이거지롱
723033,0.5415837886223883,0,5,124618,1432.5800000000002,13,25,7,10,5,124618,115185,64876,42739,36377,3188.5,2343.78,1915.3,1637.6,1432.5800000000002,92,yc41****,재밌어요,재밌게,오,치이고,9등급,뭔데,1,이거지롱
723062,0.6635563368991481,0,16,58929,2616.6000000000004,26,15,25,6,16,58929,35190,26068,21622,19097,4619.16,3961.49,4118.400000000001,2948.14,2616.6000000000004,105,yume****,좋아요,결혼을,있을,결혼하고,아무런,아니,1,이거지롱
723541,0.6103715997281264,0,14,39818,2318.12,14,8,8,9,14,39818,40451,32574,30107,28847,3227.49,2625.44,2324.9700000000003,2173.38,2318.12,51,zzin****,와,이건,읽고,단간론파,이게,나만,1,이거지롱
724527,0.6099172435174907,0,10,37175,3690.83,59,29,28,19,10,37175,29137,22219,20042,18557,5506.15,4488.400000000001,4029.36,4117.38,3690.83,87,zuzo****,재밌어요,소금물,윌리엄,나도,못,그렇게,1,이거지롱
727585,0.7352016517697088,0,62,280765,22188.49,125,93,55,71,62,280765,236434,192079,177019,160455,30738.41,24550.8,21664.65,23036.58,22188.49,528,zzz5****,세이,화이팅,좋은,난,봤는데,루리웹이,1,이거지롱
727693,0.5331125218357562,0,25,75664,2249.08,27,21,10,12,25,75664,67505,49495,50165,44859,3024.18,2861.9999999999995,2468.27,2507.08,2249.08,108,zgok****,좋아요,곱창,맛있겠다,여자,표정,뭐야,1,이거지롱
727868,0.5961098866201724,0,4,21467,525.9499999999999,23,8,6,4,4,21467,18883,9606,5142,3771,1311.0,753.5999999999999,628.8000000000001,603.84,525.9499999999999,21,wndm****,있습니다,흥미진진하네요,다음화가,안보이는데,하착잡해지네여,어떻게자기,1,이거지롱
728287,0.6220385596604641,0,11,28725,1124.37,48,26,21,16,11,28725,24372,16470,15489,12967,2363.44,1835.4,1478.6999999999998,1269.48,1124.37,79,zlfm****,네이버,재밌어요,재밌네요,이제,꼰대,문화,1,이거지롱
728687,0.7092387812231166,0,47,65526,8704.28,62,37,56,42,47,65526,59644,48366,42694,37719,11630.64,9090.92,9959.04,9009.0,8704.28,178,zxcv****,할머니,할아버지,좋아요,또,이게,새,1,이거지롱
728991,0.6861162459525919,0,90,303115,10950.55,48,19,27,20,90,303115,243727,207630,193732,185467,15066.08,12769.98,11940.0,12421.84,10950.55,306,zyl7****,정식연재,베도,축하드려요,뭐야,아니,난,1,이거지롱
729246,0.4872078712824488,0,15,58531,3375.5399999999995,11,7,6,6,15,58531,47128,41212,36184,36792,3807.02,3473.52,2930.4,2879.7,3375.5399999999995,84,zlaw****,재밌어요,화이팅,기대되네요,안에서,편의점,안되요,1,이거지롱
731056,0.619744317024923,0,18,22793,2124.2000000000003,48,33,33,17,18,22793,21324,16626,12597,13705,3024.56,2839.98,2943.27,2152.77,2124.2000000000003,89,ysoe****,재밌어요,예온이,빨리,무당집,외동딸인데,아빠가,1,이거지롱
731116,0.7025484152392288,0,35,31866,2356.68,12,16,18,30,35,31866,32163,24116,23145,21641,2145.0,2183.16,2425.54,2753.73,2356.68,157,zzan****,정식연재,빨리,재밌어요,같은,애니멀,동물,1,이거지롱
732285,0.6471968211872476,0,9,53923,1523.56,15,5,6,10,9,53923,34939,30449,25988,19435,3113.7,2354.57,2025.92,2140.08,1523.56,59,zlfk****,가즈아,지가,재미있어요,중형세단,노루털,처음,1,이거지롱
732508,0.5653189118523839,0,59,170128,14202.929999999998,45,51,54,67,59,170128,222217,202238,169698,157672,16897.44,16571.73,15877.160000000002,15547.080000000002,14202.929999999998,432,zzun****,축하드려요,술,넘,넣구,술,난,1,이거지롱
732973,0.6112960186460867,0,20,32355,2502.6,28,14,19,5,20,32355,27808,24893,22929,21391,3210.9,2611.99,2718.8,2498.04,2502.6,108,zonz****,문어,귀여워,숙희,먹었는데,문어,오늘,1,이거지롱
733414,0.747418172458381,0,98,284650,11035.96,69,29,103,89,98,284650,160304,139211,123115,119661,14042.6,10815.3,13865.78,12329.52,11035.96,365,zxdd****,정식연재,가자,와,뭐야,이게,황태자,1,이거지롱
733559,0.525125791553675,0,16,84725,2664.75,26,8,12,11,16,84725,89887,74614,65780,62228,3769.24,3323.67,3333.96,3152.2200000000003,2664.75,125,zkl4****,잼있어요,여주,주인공,왜,저렇게,아니,1,이거지롱
733747,0.6941583153334348,0,34,95714,4741.38,63,39,23,43,34,95714,71298,45743,39466,33341,10956.92,6879.6,5811.400000000001,5454.360000000001,4741.38,192,zmr1****,와,왜,좋아요,뭐야,아니,완전,1,이거지롱
733866,0.6463218122566906,0,16,103789,4340.370000000001,40,28,14,23,16,103789,84484,74256,69986,66727,6221.04,5331.200000000001,4845.75,4539.599999999999,4340.370000000001,140,zoo5****,재밌어요,소재,손님,여주가,마네킹이름은,아니라,1,이거지롱
734410,0.7268097416933947,0,58,116169,4658.639999999999,29,17,22,15,58,116169,79445,72377,69241,68561,3894.57,3595.25,3511.68,3155.2,4658.639999999999,112,zooh****,넘,남주,재밌어요,약간,고모,뭘,1,이거지롱
734419,0.6158131852413463,0,14,28531,1093.84,23,11,7,3,14,28531,17281,11581,10905,12345,1706.2800000000002,1130.44,1083.5,933.12,1093.84,56,yunj****,리메이크,재밌어요,좋아요,ㅉㅉㅉ,노잼,첨,1,이거지롱
734615,0.5600935224046122,0,8,31571,2244.2000000000003,20,10,14,4,8,31571,24298,22584,21757,21073,2816.64,2505.75,2344.8,2299.08,2244.2000000000003,74,yogi****,지아,빨리,와,어떻게,가슴주머니로,죽은,1,이거지롱
735404,0.6205596669136749,0,18,45969,4197.41,49,21,22,18,18,45969,22120,17219,14394,11942,7131.4,4707.99,4474.8,4235.5,4197.41,128,yuji****,정식연재,아니,넘,각성을,냉장고,볼거,1,이거지롱
735531,0.5412190746087111,0,9,6833,538.16,15,7,10,5,9,6833,4041,3197,2568,2439,1082.4,751.4,733.0500000000001,605.01,538.16,40,wjsw****,돈벌레,재밌어요,해도,None,None,None,1,이거지롱
736034,0.6080342582212978,0,8,10179,815.2800000000001,11,0,8,10,8,10179,5519,4144,3781,3356,1189.4399999999998,815.2800000000001,804.95,794.6400000000001,815.2800000000001,40,yici****,재밌어요,와,좋아요,뭔가,기대하게,만드는군,1,이거지롱
736092,0.599332368318885,0,5,18252,950.82,9,7,6,9,5,18252,12274,10344,9287,8695,1136.49,977.98,782.9999999999999,755.6500000000001,950.82,31,zzan****,재밌어요,성공하세요,넘,오글,돈으로,살수없는게있다면,1,이거지롱
736196,0.6316478343882918,0,10,54554,2584.56,28,26,12,10,10,54554,35354,26956,23863,22555,3877.3,3088.0,2920.92,2485.76,2584.56,117,yuna****,대박,와,정식연재,이게네이버웹툰에새로나온해귀군요,수정하셔서,리메이크전,1,이거지롱
736287,0.73674500719095,0,122,109978,1381.8,250,170,181,61,122,109978,68861,41260,8007,8007,10320.12,7848.75,3535.56,1381.8,1381.8,731,zxcv****,q,묘월이,좋아요,스토리가,뭔가요,봤는데,1,이거지롱
736368,0.6745677012953827,0,19,12422,1198.04,18,25,16,10,19,12422,10544,7393,6380,6356,1464.0,1592.2900000000002,1201.7,1100.96,1198.04,59,youh****,베도,그림체,마음이,None,None,None,1,이거지롱
736405,0.6535322138273334,0,9,22076,1881.35,10,18,12,15,9,22076,19807,15185,14022,13935,2323.08,2279.86,2120.73,1958.95,1881.35,92,zizi****,넘,헐,왜,알아서,수학,해도,1,이거지롱
737061,0.6418808677587708,0,15,69296,4290.0,19,22,15,10,15,69296,58984,45230,38404,35918,6039.3,5214.42,4708.8,4669.56,4290.0,60,zzan****,오늘도,설기,재미있어요,못해요,저여자,초면에,1,이거지롱
737580,0.73404428162856,0,26,166456,3452.34,61,18,18,38,26,166456,108315,79772,74110,78596,4875.6,3330.53,2920.92,3354.54,3452.34,154,zzz0****,정식연재,그림체,하준이,웹툰,안보이는거,나만,1,이거지롱
739130,0.7006174552535536,0,39,443487,29926.520000000004,76,27,39,45,39,443487,431222,369875,345896,324180,35178.0,31347.12,30044.28,28375.36,29926.520000000004,337,zzzz****,교수님,대학원,와,과고,교수님이,그래서,1,이거지롱
739168,0.62442258805891,0,16,109895,2838.8,44,23,21,21,16,109895,75315,48992,39003,34964,4864.0,3309.93,3038.75,3049.83,2838.8,146,yunj****,정식연재,그림체,와,이게,왜,그림,1,이거지롱
739377,0.5874985008934822,0,15,79966,3719.1,44,32,9,6,15,79966,70939,54303,50066,49742,5906.110000000001,5017.2300000000005,4119.4,3767.4,3719.1,160,yumi****,음식,베도,와,라면,뭔가,사진,1,이거지롱
740498,0.6147615483739092,0,24,79009,11005.05,108,39,46,27,24,79009,55477,48294,46012,45187,16605.62,13086.54,11930.6,11230.54,11005.05,337,zxdd****,항상,감사합니다,그런,왜,어떻게,친구,1,이거지롱
740504,0.6610493404439465,0,15,20258,1515.27,40,14,12,14,15,20258,12073,9512,8489,7718,3345.0800000000004,2073.6,1687.84,1818.18,1515.27,98,yuha****,도담이,귀엽고,귀여워,위펄래시,왔는데,1화,1,이거지롱
744896,0.5899207632152343,0,11,18589,2119.39,7,5,7,4,11,18589,16122,14665,14889,14947,1939.59,2029.89,1860.04,1799.3000000000002,2119.39,57,yumi****,재밌어요,와,다음화가,누가,누굴,주먹밥,1,이거지롱
745424,0.5616573623051171,0,14,24278,1844.64,59,28,30,26,14,24278,17964,20661,19798,18453,2639.91,2299.08,2521.26,2178.0,1844.64,142,zzaz****,와,위펄래쉬,정식연재,친구랑,술먹고,만나서,1,이거지롱
745693,0.6601118755182955,0,13,63943,2631.75,53,37,25,26,13,63943,38711,30422,26893,26116,4444.44,3661.48,3164.36,3436.4,2631.75,109,zoqn****,넘,헐,재밌어요,진우,전범기,있는데,1,이거지롱
746056,0.6351033295986842,0,10,72337,1838.04,22,15,26,14,10,72337,41124,30236,24818,23024,2427.03,1977.57,2058.86,1946.16,1838.04,81,yjki****,와,헐,재밌어요,그냥,줄,알았는데,1,이거지롱
749606,0.6458188810383622,0,42,38655,1806.42,17,5,7,10,42,38655,21009,18126,18116,18155,1765.13,1426.9499999999998,1348.49,1456.56,1806.42,158,zvxb****,정식연재,와,이건,본래,씀,없는데,1,이거지롱
751850,0.68872735213517,0,33,106192,4425.81,50,20,13,20,33,106192,63262,49306,45684,45537,6649.5,7334.999999999999,6595.400000000001,4982.25,4425.81,167,zzmd****,와,분량,재밌어요,뭔가,와,화,1,이거지롱
752333,0.6779566427538836,0,9,50199,1743.45,35,13,11,10,9,50199,23140,16620,15063,12848,3348.18,2001.82,1902.98,1693.6699999999998,1743.45,89,yoon****,와,좋아요,재밌어요,이게,뭔가,나만,1,이거지롱
752837,0.5537236183426933,0,4,79098,842.65,15,7,4,9,4,79098,57287,36599,26803,22238,1783.32,1205.55,1032.84,942.9,842.65,68,ywyj****,화이팅,최강자전,떨어져서,왜,암것두,안보이는데,1,이거지롱
753356,0.6861162459525919,0,49,65343,6264.599999999999,37,20,8,12,49,65343,44956,31939,30576,30752,4182.48,3208.24,2588.88,2892.0,6264.599999999999,196,yuji****,와,그림체,재밌어요,협의,중,뭐냐,1,이거지롱
753442,0.6962233890211922,0,56,22193,2123.28,22,15,13,30,56,22193,18640,15060,13465,14031,1992.02,1621.2,1642.2,2044.02,2123.28,115,zooc****,재밌어요,좋아요,웹툰,시간은,계속,흐르는,1,이거지롱
755833,0.6139948146052057,0,17,74107,2480.4,24,20,10,23,17,74107,48837,40576,36933,35857,3249.72,2558.52,2115.0,2122.83,2480.4,123,yunj****,와,재밌게,그림체,경민이,ㄹㅇ,뭔가,1,이거지롱
756412,0.5916397738154676,0,6,13353,780.0,17,11,9,13,6,13353,12012,8347,7072,6323,1036.2,1072.37,1010.82,973.08,780.0,44,woor****,재밌어요,은수,다음화,도대체,이게,어떻게,1,이거지롱
757220,0.7266087809208941,0,30,61953,2392.03,25,21,16,31,30,61953,41718,30892,25882,23349,3307.76,2592.0400000000004,2140.8,2349.55,2392.03,135,zkrp****,와,웹툰,꼭,네이버,웹튠에,이게뭐죠,1,이거지롱
757564,0.5960942993401548,0,4,14199,692.25,11,9,14,7,4,14199,11599,7678,5895,5330,882.55,755.22,736.28,673.1999999999999,692.25,31,yhk3****,재밌어요,와,넘,오모오모,이게,왜,1,이거지롱
758233,0.6623954091784531,0,12,29221,2132.04,25,20,15,19,12,29221,22658,19700,19775,20102,2298.9,1844.9,1791.9,1681.3000000000002,2132.04,76,zuck****,재밌어요,그림체,화이팅,얼굴이,뭐야,나중에,1,이거지롱
760096,0.5027893182926652,0,8,30569,1264.9,14,13,13,17,8,30569,25428,17716,16004,15217,1497.6,1334.19,1366.04,1229.36,1264.9,90,ys__****,와,정식,빨리,주인공,왜,킬라킬,1,이거지롱
761300,0.5869982774980209,0,2,16261,1382.81,18,30,9,15,2,16261,8487,7987,7336,5725,2606.61,2883.04,2064.88,2087.54,1382.81,84,yuki****,작품,있어요,서로,하,완전,스타일인,1,이거지롱
761467,0.7439876038740041,0,149,440749,17537.0,265,84,97,103,149,440749,278581,225243,221919,202125,25426.56,18999.75,15871.92,17040.5,17537.0,760,zxdf****,정식연재,왜,와,이게,왜,네이버,1,이거지롱
762370,0.6400339981073963,0,12,24859,1294.44,39,13,16,13,12,24859,15074,13513,10986,9873,1823.6,1513.64,1412.6699999999998,1315.12,1294.44,95,yunj****,와,품앗이,있어요,마지막,뭔가,난,1,이거지롱
763290,0.7092387812231166,0,64,66202,6286.5,137,48,21,22,64,66202,40439,35889,34214,33705,7916.67,6058.9400000000005,5813.4400000000005,5755.9800000000005,6286.5,363,zzaz****,쥬노,감사합니다,다시,와,이게,헐,1,이거지롱
763544,0.6341059261983927,0,39,27158,4319.55,3,14,43,32,39,27158,17391,84675,48781,44226,817.91,903.03,4513.74,4126.72,4319.55,181,yy12****,와,정식,헐,이게,월세를,있습니다,1,이거지롱
764100,0.6204368291829591,0,7,34641,1324.6699999999998,17,15,20,13,7,34641,19197,13744,11868,11312,1746.5199999999998,1477.37,1554.72,1665.18,1324.6699999999998,74,zero****,있어요,와,작품,가짜,한부장이,선한,1,이거지롱
765236,0.4420008108813469,0,9,29918,2220.06,22,9,13,12,9,29918,29111,22932,19660,18748,2525.25,2437.84,2708.75,2381.4,2220.06,81,zxc0****,재밌어요,와,꼭,저렇게,남자아이,실제로,1,이거지롱
766257,0.6043798761540967,0,14,16404,792.9399999999999,47,9,7,18,14,16404,7801,5504,4842,4109,1856.66,1097.1,846.0,901.6,792.9399999999999,77,zzan****,와,재밌어요,기대하겠습니다,None,None,None,1,이거지롱
767025,0.507725753461419,0,8,22609,1259.7,19,5,10,14,8,22609,15664,14058,12311,10583,1682.58,1489.18,1381.38,1331.7,1259.7,63,yesg****,재미있어요,잘봤습니다,응원합니다,계단을,학폭미화,어제,1,이거지롱
767100,0.6540497900058364,0,6,54623,1548.72,40,13,10,8,6,54623,50835,33707,23520,19070,3381.74,2215.98,2008.49,1659.07,1548.72,60,xlae****,와,위로,재밌어요,옷,갈아입고,침대에,1,이거지롱
767315,0.570546593728643,0,19,40311,7113.6,40,21,12,18,19,40311,24303,23010,22420,23038,7857.81,6448.44,6668.45,6412.120000000001,7113.6,116,zntn****,재밌어요,와,완전,이게뭐야,은근,병맛인것,1,이거지롱
767339,0.592812010453551,0,1,17064,351.87,4,1,1,2,1,17064,8231,4506,3755,3568,583.7,414.04,362.14,401.94,351.87,17,soll****,와,저만,표지밖에,이게,제일,ㅁ,1,이거지롱
767661,0.7126084466306977,0,23,67848,3653.1,78,38,22,18,23,67848,44262,39239,36300,34828,5187.0,4296.6,3808.08,3427.8,3653.1,196,zxcm****,정식연재,와,수호령,와,ㄹㅇ,잠이,1,이거지롱
767793,0.514272512818622,0,5,30504,698.64,17,5,7,2,5,30504,16626,9331,7017,6906,1052.25,799.2,738.3599999999999,651.0,698.64,45,yucc****,기대되요,와,빨리,포스트만,뜨는데,어떻게,1,이거지롱
767901,0.6502352189144486,0,23,27021,1368.0,54,28,20,24,23,27021,16799,13353,12013,11034,2320.0,2008.72,1691.55,1540.35,1368.0,138,zoor****,정식연재,넘,와,뭐야,왜,뭔가,1,이거지롱
768113,0.5866497121853395,0,31,66405,9041.62,112,24,21,19,31,66405,44443,38985,37282,37137,12260.64,8938.269999999999,9426.97,8205.05,9041.62,220,zinn****,귀엽고,넘,좋아요,뭔가,같음,보는,1,이거지롱
769552,0.6384375593433382,0,7,17601,1191.6,15,7,13,6,7,17601,10074,7713,6873,6508,1522.1,1261.11,1342.32,1081.28,1191.6,37,zkvp****,재밌어요,민정이,넘,None,None,None,1,이거지롱
769583,0.6390054017712669,0,17,36502,2168.32,29,30,16,16,17,36502,20234,15169,13300,13057,3567.2000000000003,3389.52,2304.9,1946.36,2168.32,132,zoen****,재밌어요,그림체도,정식연재,왜,베도,기억,1,이거지롱
772755,0.6304291001711138,0,3,12020,582.08,6,4,3,4,3,12020,6057,2972,2255,2321,876.75,621.9599999999999,603.7099999999999,601.3,582.08,16,whan****,재밌어요,도윤이,기대되네요,None,None,None,1,이거지롱
773477,0.6342287230393863,0,3,6582,1041.6,5,4,8,2,3,6582,5974,4634,3703,3239,1263.36,1159.94,1152.45,1070.38,1041.6,17,yeah****,귀여워요,그림체가,그림체,None,None,None,1,이거지롱
773611,0.5765674571481034,0,9,9923,1028.96,19,10,6,5,9,9923,5702,4978,4331,4703,1617.84,1244.16,1214.64,1035.5,1028.96,36,zzzg****,봤습니다,유자,재밌게,자녀안에,명예살인의,이유에,1,이거지롱
775255,0.6634358923688932,0,23,9011,702.0,35,14,13,15,23,9011,5682,4790,4412,3838,1334.46,1102.88,952.56,851.7299999999999,702.0,71,yyan****,축하드려요,도룡이,기대됩니다,중간에,맞춤법,하나,1,이거지롱
777086,0.52163295975324,0,9,42152,3829.84,15,38,16,14,9,42152,49460,32237,22846,17319,5597.400000000001,6697.24,5018.02,4153.5,3829.84,137,zxdd****,좋은,농사를,정식,내용이,같은,뭔가,1,이거지롱
777538,0.6333474737458955,0,10,13757,575.82,15,9,7,11,10,13757,7865,6131,6309,5289,848.12,699.6600000000001,564.0,696.34,575.82,38,youy****,재밌어요,그림체,일러스트,사람이,뭔가가,있는것같은데,1,이거지롱
778214,0.6958484931421111,0,35,19122,1823.25,8,4,9,13,35,19122,13529,9039,7828,15267,1148.02,592.83,637.0,692.0400000000001,1823.25,79,zlzl****,재밌어요,다음화,와,오랜만에,볼려고,왔더니,1,이거지롱
783522,0.6304291001711138,0,6,7617,579.97,19,11,5,8,6,7617,3722,2479,2276,2516,1096.48,851.4,570.72,648.78,579.97,39,yuri****,재밌어요,작품,이번,아니,받을,있을,1,이거지롱
784100,0.5425794165201606,0,14,90334,2679.96,70,35,24,26,14,90334,67636,50895,44214,39879,6040.900000000001,4272.400000000001,3411.7200000000003,2939.1,2679.96,193,zxcv****,나갈,정신이,것같아,뭐,아니,왜,1,이거지롱
784160,0.7223803662466781,0,34,43142,1235.2,42,22,20,21,34,43142,23346,18619,16072,18446,1575.52,1152.9,969.28,851.73,1235.2,95,yu_h****,회지,렌즈,석순이,왜,뭐야,렌즈,1,이거지롱
786167,0.5682424124836191,0,7,16912,1237.9499999999998,40,13,16,14,7,16912,11277,9223,7536,8050,1940.68,1537.5500000000002,1359.36,1028.97,1237.9499999999998,111,zzxo****,응원합니다,빨리,베도,환생해서,만화가,왜,1,이거지롱
786865,0.6540811775994666,0,3,7997,282.9,6,5,4,2,3,7997,4038,3253,2725,2690,534.1800000000001,311.85,304.0,284.89,282.9,22,ybse****,와,분량,쩔어,쪼끔,흔한클라세,선생님,1,이거지롱
786879,0.685190802411088,0,47,46171,6172.36,52,22,32,21,47,46171,37555,35194,30303,33173,6951.299999999999,5369.28,5959.25,5347.52,6172.36,178,zoen****,넘,귀엽고,재밌어요,또,와,뭐야,1,이거지롱
788700,0.4705354866685202,0,10,46164,4120.95,36,20,15,13,10,46164,39124,31601,26593,23011,7455.0,6279.36,6135.4800000000005,4287.92,4120.95,161,zxcv****,만화,재밌게,역시,신화,그리스,대홍수,1,이거지롱
789413,0.63143398723395,0,19,18992,2287.05,21,14,11,11,19,18992,18900,14472,12599,13050,2168.32,2074.62,2004.9,2264.32,2287.05,81,zlfk****,베도,공감,뿌뿌,그냥,남친,그게,1,이거지롱
791830,0.6540811775994666,0,16,10925,615.12,12,4,7,7,16,10925,6180,4495,4381,4143,592.72,543.2099999999999,466.0,453.12,615.12,25,yewo****,그림체,좋아요,베도,섬네일,작화,이쁘다,1,이거지롱
792314,0.6265011920100563,0,21,16566,724.1999999999999,12,7,11,12,21,16566,10246,8266,7185,6839,1047.86,753.42,827.45,603.36,724.1999999999999,52,zxcv****,재밌어요,배구를,다음화도,맘에,주인공,드네,1,이거지롱
792361,0.6831161053104243,0,23,14548,888.52,18,7,10,10,23,14548,9964,8778,6849,8553,1219.4,791.28,864.0,583.1600000000001,888.52,69,zzxc****,재밌어요,베도,흥미진진,있었는데,우리학교도,도둑,1,이거지롱
792374,0.5516505393179283,0,8,7115,210.98,5,4,5,5,8,7115,4036,2813,2047,2958,734.76,656.04,513.0,333.0,210.98,32,yeeu****,스토리작가입니다,와,재밌게,만약에,만화경에서,나의,1,이거지롱
796167,0.5747222633173743,0,7,66769,6085.8,22,23,15,6,7,66769,64652,62428,56102,54088,7667.4,8201.16,7759.82,6763.04,6085.8,47,znfm****,마음,어머니,됩니다,암,엄마도,대장암은,1,이거지롱
797703,0.7243113319233898,0,33,41413,3299.04,10,5,13,41,33,41413,25761,23020,54963,39770,993.28,747.1100000000001,736.92,3746.94,3299.04,143,zbw9****,재밌어요,정식연재,와,복권,참,맞다,1,이거지롱
